Name,Phone number,Address,Website
14th Street Pizza Co.,+92 21 111 363 636,"Gulshan Iqbal block 10/A house As7.raw 1/z National cement housing, Karachi City, Pakistan",14thstreetpizza.com
La Pizza,+92 309 0790909,"Tariq Rd, near Zahid Nihari, near Bismillah Milk Shop, P.E.C.H.S Block 2 Block 2 PECHS, Karachi, Karachi City, Sindh 74600, Pakistan",14thstreetpizza.com
Pizza Palette,+92 330 8244992,"Block 9 Pia Housing Scheme Block 9 PIA Housing Scheme, Karachi, Karachi City, Sindh, Pakistan",m.facebook.com
Pizza bake,+92 330 8244992,"W45J+MQ4, Jauhar Chowrangi Road, Block 13 Gulistan-e-Johar, Karachi, Karachi City, Sindh, Pakistan",pizzabake.pk
3H Pizza,+92 311 1100211,"R-30, Row A, Bagh E Rafi Malir Halt, Karachi, 75050, Pakistan",facebook.com
Pizza Point,+92 21 34385203,"MAIN SHAHRA E FAISAL BLK 6 PECHS JUST, opposite JASON TRADE CENTRE &, near LEOPARD CURIOR, Karachi, Pakistan",pizzapoint.com.pk
Pizza Inc.,+92 21 34374056,"HHS School System, Z37/38 Block 3 Modern CHS near, Modern Society PECHS, Karachi, Karachi City, Sindh 75400, Pakistan",pizzapoint.com.pk
Broadway Pizza - Gulistan e Johar,+92 21 111 339 339,"Jauhar Chowrangi Service Ln, Block 12 Gulistan-e-Johar, Karachi, Karachi City, Sindh, Pakistan",broadwaypizza.com.pk
Pay Say Pizza,+92 336 6729729,"LS-8 ST-2, Sector 11C-3 Sector 11 C 3 North Karachi Twp, Karachi, Karachi City, Sindh 74600, Pakistan",facebook.com
K TOWN PIZZA,+92 313 2266646,"Sector 5C-1, 5C, 1 Park North Karachi Twp, Pakistan",facebook.com
Domino's Pizza | Khayaban-e-Ittehad,+92 21 111 366 466,"R3MF+3CH, 92-C Khayaban-e-Ittehad Road, D.H.A Phase II Extension Phase 2 Commercial Area Defence Housing Authority, Karachi, Karachi City, Sindh 75500, Pakistan",dominos.com.pk
Pizza Hut,+92 21 111 241 241,"Plot 8, Rashid Minhas Rd, Block 10-A Block 10 A Gulshan-e-Iqbal, Karachi, Karachi City, Sindh, Pakistan",dominos.com.pk
Pizza 360 & Fast Food,+92 334 3939610,"Shop No, 16 Manghopir Rd, Pak Colony Wilayatabad, Karachi, Karachi City, Sindh 75700, Pakistan",dominos.com.pk
Caesar's Pizza,+92 21 111 223 727,"Plot # 15, Shop # 3, Ayesha Residency, 119, Bihar Muslim Society Block 3 BMCHS Sharafabad, Karachi, Karachi City, Sindh 79001, Pakistan",caesars.com.pk
Pizza Story,+92 331 3608895,"1j 7/5 Al madina, near jamia masjid faizan-e-makkah, Block 1 Nazimabad, Karachi, Karachi City, Sindh 74600, Pakistan",facebook.com
Broadway Pizza - Jinnah Avenue,+92 301 1136827,"Main jinnah avenue shop # 4 & 5 shanzil golf Residency, Karachi, Pakistan",broadwaypizza.com.pk
Expo Pizza,+92 21 34938002,"Bahadurabad Bahadur Yar Jang CHS, Karachi, Karachi City, Sindh, Pakistan",broadwaypizza.com.pk
Pizza Hut - Karachi University,+92 21 111 241 241,"B-286, Block 1/A, Gulistan-e-Johar, opposite to the, University Of Karachi, Karachi, Pakistan",broadwaypizza.com.pk
Pizza One,+92 21 34321373,"Shop No 5, Arsal House, Shaheed-e-Millat Rd, New Karachi Society PECHS, Karachi, Karachi City, Sindh, Pakistan",pizzaone.pk
Papi's Pizza,+92 311 1555163,"Bukhari Ln 5, D.H.A Phase 6 Bukhari Commercial Area Phase 6 Defence Housing Authority, Karachi, Karachi City, Sindh 75500, Pakistan",papis-pizza.com
The New York Pizza,+92 21 111 697 697,"26-C D.H.A Badar Commercial Street. 5 D.H.A Badar، Commercial Karachi, 75500, Pakistan",nyp.com.pk
Broadway Pizza Ittehad Commercial,+92 21 111 339 339,"126 C Karachi, D.H.A. Phase 7 Phase 2 Commercial Area Defence Housing Authority, Karachi, Karachi City, Sindh 75500, Pakistan",broadwaypizza.com.pk
Pizza Hut - Dilkusha,+92 21 111 241 241,"Dilkusha Forum, 7 Tariq Rd, Delhi Society Delhi CHS PECHS, Karachi, Karachi City, Sindh, Pakistan",broadwaypizza.com.pk
Back Street Pizza,+92 307 1744794,"R2JR+RH9, Lane No. 1, Block 8 Delhi Colony, Karachi, Karachi City, Sindh 75500, Pakistan",broadwaypizza.com.pk
Pizza Cheezis,+92 330 8264783,"Plot SD-3 Shop 6 Pakistan Post Office Society, Road, Gulzar-e-Hijri Karachi, 75330, Pakistan",broadwaypizza.com.pk
800 Degree Pizza Karachi Pakistan,+92 336 0300800,"Shop No. 2 Plot 6C, D.H.A. Phase 7 Seher Commercial Area Karachi, 75350, Pakistan",800degree.com.pk
Jojo Pizza۔ جوجو پیزا,+92 333 2004993,"Shop no.1, near Soneri Bank, Federal B Area Alyabad Colony Block 8 Gulberg Town, Karachi, Karachi City, Sindh 75950, Pakistan",jojopizza.pk
Mario’s pizza,+92 334 9222374,"Saima Presidency, Shop # 20, near Saffora, Block 7 Chowrangi, Karachi, Karachi City, Sindh, Pakistan",jojopizza.pk
Pizza Chef,+92 345 2806045,"Plot R, 516, Block 15 Gulberg Town, Karachi, Karachi City, Sindh, Pakistan",facebook.com
Famous O's Pizza - KDA,+92 306 0241110,"16 & 17, Plot No. SB-1, Bldg, 2 Miran Mohammed Shah Rd, KDA Scheme 1, Karachi, 75280, Pakistan",famousos.com
Michigan Pizza میشیگن پیتزا,+92 337 0383521,"R4J9+7HF, P&T Society P&T Chs Sector 31 D Korangi, Karachi, Karachi City, Sindh, Pakistan",famousos.com
PIZZA PLUS PAKISTAN - Bahadurabad Branch,+92 311 1666008,"Shop No. 4, Kiran Heights, Bahadurabad, Char Minar Chorangi, Alamgir Rd, Bihar Muslim Society BMCHS Sharafabad, Karachi, Karachi City, Sindh 75400, Pakistan",pizzapluspakistan.com
Pizziano,+92 347 7966092,"Omega Heights, Shop No 18, Block 13 Gulistan-e-Johar, Karachi, Karachi City, Sindh 75230, Pakistan",facebook.com
Miami Pizza,+92 324 8196774,"Shangrilla Towers ., Block 13 gulshan-e- johar, Karachi, Karachi City, Sindh 75290, Pakistan",wordpress.com
RH pizza Nazimabad Branch,+92 331 4440484,"Plot F 3/8, Block 3 Nazimabad, Karachi, Karachi, 74600, Pakistan",facebook.com
Pizza 2000,+92 21 34815962,"W3FV+48M، Eastern Appt, Rashid Minhas Rd, Block 6 Gulshan-e-Iqbal, Karachi, Karachi City, Sindh, Pakistan",facebook.com
Pizza Nice,+92 343 5547384,"Kharadar Passage, Karachi, Karachi City, Sindh 74000, Pakistan",facebook.com
PIZZA 363,+92 21 34837026,"New Rd Service Ln, Block 13 Gulistan-e-Johar, Karachi, Karachi City, Sindh, Pakistan",pizza363.com
Pizza Boss,+92 316 0117760,"Muslim service Rd, Norani Eid Gah Rd, Sector 11 J North Karachi Twp, Karachi, Karachi City, Sindh, Pakistan",pizza363.com
Pizza Nation - SMCHS,+92 21 38892111,"Plot# A119, Block A, Al Mustafa Arcade, Ground Floor, Sindhi Muslim Cooperative Housing Society Block A Sindhi Muslim CHS (SMCHS), Karachi, Karachi City, Sindh 75350, Pakistan",pizzanation.pk
Pizza Hut - Khayaban-e-Shahbaz,+92 21 111 241 241,"14-C, Lane 2 Khayaban-e-Shahbaz, Commercial Shahbaz Commercial Area Phase 6 Defence Housing Authority, Karachi, Karachi City, Sindh 75500, Pakistan",pizzanation.pk
Broadway Pizza LuckyOne Mall,+92 21 111 339 339,"LuckyOne Mall Food Court, Block 21 Gulberg Town, Karachi, Karachi City, Sindh, Pakistan",broadwaypizza.com.pk
Pathan O Pizza,+92 334 1122721,"Plot#58, Block I North Nazimabad Town, Karachi, Karachi City, Sindh 74600, Pakistan",pathanopizza.pk
Pizza On Wheel,+92 333 6694335,"Shop# 01 Plot # 126, Sector D, Saadat-e, near Main, Sadaat E Amroha Society Saadi Town, Karachi, 75270, Pakistan",m.facebook.com
Downtown Pizza,+92 313 1077708,"12, Block 12 Gulberg Town, Karachi, Karachi City, Sindh, Pakistan",m.facebook.com
Domino's Pizza - Shaheed E Millat Road,+92 21 111 366 466,"plot no 3, 4, Ammar Towers, Maniya Society Block 3 PECHS, Karachi, Karachi City, Sindh, Pakistan",dominos.com.pk
Pizza Hut - Nursery,+92 21 111 241 241,"Shahrah-e-Faisal PECHS Extension Block 6 PECHS, Karachi, Karachi City, Sindh, Pakistan",dominos.com.pk
Broadway Pizza Gulshan Iqbal,+92 21 111 339 339,"Plot No 567، Main Allama Shabbir Ahmed Usmani Rd، near Samdani Hospital, Block 5 Gulshan-e-Iqbal, Karachi, Karachi City, Sindh, Pakistan",broadwaypizza.com.pk
Pizza.com,+92 315 8556796,"Plot No 432, Shadman Town Sector 14 A Shadman Town, Karachi, Karachi City, Sindh, Pakistan",broadwaypizza.com.pk
PIZZA MORSEL BY CAKEBITES,+92 317 1195469,"H, Block Shahrah-e-Jahangir Rd, Block H North Nazimabad Town, Karachi, Karachi City, Sindh 74600, Pakistan",pizzamorsel.wixsite.com
Pizza Spice,+92 21 36362225,"R-690 Shahra-E-Umar Farooq Rd, Block 17 Gulberg Town, Karachi, Karachi City, Sindh 75950, Pakistan",pizzaspice.pk
Xero Street Pizza,+92 324 2644421,"Pakistan Employees Co-Operative Housing Society Block 6 PECHS, Karachi, Karachi City, Sindh, Pakistan",pizzaspice.pk
Broadway Pizza Up Mor,+92 21 111 339 339,"A-915, Sector 11-B Sector 11 B North Karachi Twp, Karachi, Karachi City, Sindh, Pakistan",broadwaypizza.com.pk
13th Street Pizza,+92 304 3444999,"Sindhi Muslim Cooperative Housing Society Block A Sindhi Muslim CHS (SMCHS), Karachi, Karachi City, Sindh, Pakistan",broadwaypizza.com.pk
The Pizza Master,+92 321 3878209,"B 207, Block L North Nazimabad Town, Karachi, Karachi City, Sindh, Pakistan",broadwaypizza.com.pk
Pizza Hub,+92 332 8253584,"Precinct # 5, Midway Commercial A Plot # 93-A, Basement, Bahria Town Karachi, Karachi, Karachi City, Sindh 75340, Pakistan",facebook.com
Red & Green Pizza,+92 316 2130097,"Shop#1, Al-dina residency, Malik Co-Operative Housing Society sector 16-A Gulzar E Hijri Scheme 33, Karachi, Karachi City, Sindh, Pakistan",facebook.com
The Street Pizza,+92 316 8934330,"no 2, adjacent to shell petrol pump, Soldier Bazaar Garden East, Karachi, Karachi City, Sindh, Pakistan",facebook.com
PIZZA PLUS PAKISTAN - Aisha Manzil Branch,+92 311 1666008,"Aisha Manzil, FB Area Block 7, Shahrah-e-Jahangir Shop No. 1, Shahnaz Squire, Azizabad Main Rd, near Meezan Bank - F.B Area Branch, Dastagir Block 9 Gulberg Town, Karachi, Karachi City, Sindh 75950, Pakistan",pizzapluspakistan.com
Shakespeares Pizza Pakistan,+92 311 1000373,"Alamgir Rd, Bahadurabad Bahadur Yar Jang CHS, Karachi, Karachi City, Sindh, Pakistan",pizzapluspakistan.com
The Pizza 88,+92 301 2223964,"W3XJ+H62, Block 20 (Saadat Colony, Ancholi) Ancholi Block 20 Gulberg Town, Karachi, Karachi City, Sindh, Pakistan",pizzapluspakistan.com
Pizza On Roof,+92 334 3785739,"A.E.E.C.H.S Block 8 Gulistan-e-Johar, Karachi, Karachi City, Sindh 74000, Pakistan",pizzapluspakistan.com
"14th Street Pizza Co. - DHA, Karachi",+92 21 111 363 636,"3-C Nishat Lane-2, Khayaban-e-Nishat, D.H.A Phase 6 Defence Housing Authority, Karachi, 75500, Pakistan",14thstreetpizza.com
Bricklane Pizza,+92 342 2411069,"W4P3+4XR, Abul Hasan Isphahani Rd, Block 4 Gulshan-e-Iqbal, Karachi, Karachi City, Sindh, Pakistan",14thstreetpizza.com
Penny pizza,+92 323 2685718,"C 138, F.B Area Block 6 Karachi, 75950, Pakistan",14thstreetpizza.com
Pizza Remix,+92 318 4441989,"Pizza Remix Shop, #3, near Allah wala ice deppo, PIB Colony, Karachi, Karachi City, Sindh 74800, Pakistan",14thstreetpizza.com
Pizza Max - North Karachi,+92 318 4441989,"house number, 11 b north karachi c11, Sector 11 A North Karachi Twp, Karachi, Karachi City, Sindh 75850, Pakistan",pizzamax.com.pk
Shop # 9 Mall square Ground floor Zamzama Boulevard Clifton,+92 320 2070092,"Ground floor, Mall square, Shop # 9 Zamzama Blvd, Zamzama Commercial Area Defence V Clifton, Karachi, Karachi City, Sindh 75500, Pakistan",dominos.com.pk
Pizza Inn & Salad Bar,+92 321 2040923,"R2GG+347, Khayaban-e-Saadi, Boat Basin, Clifton, Karachi, Sindh, Clifton, Pakistan",dominos.com.pk
14th Street Pizza Co. - Headquarters,+92 21 111 363 636,"17/C, Main, Khayaban-e-Shahbaz, Shahbaz Commercial Area Phase 6 Defence Housing Authority, Karachi, Karachi City, Sindh 75500, Pakistan",14thstreetpizza.com
Turk Pizza,+92 310 4448098,"Shop, St. 3, Block 10-A Block 11 Gulshan-e-Iqbal, Karachi, Karachi City, Sindh 74500, Pakistan",turkpizza.eatachi.co
Howdy pizza,+92 335 0283143,"Syed Heights, Shop number G2, munawar choraning, Block 12 Gulistan-e-Johar, Karachi, Karachi City, Sindh 75290, Pakistan",facebook.com
Pizza Max - Gulistan-e-Johar,+92 341 2152306,"Block 18 Gulistan-e-Johar, Karachi, Karachi City, Sindh, Pakistan",pizzamax.com.pk
Italian pizza,+92 306 0703464,"54k, PECHS, Karachi, Pakistan",pizzamax.com.pk
Pizza Max - Gulshan-e-Iqbal,+92 21 111 629 111,"B-10 Main University Rd، opp. Ashfaq Memorial Hospital, Block 13-C Block 13 C Gulshan-e-Iqbal, Karachi, Karachi City, Sindh, Pakistan",pizzamax.com.pk
The Pizza Pro,+92 311 3919776,"W45M+GH9, Block 13 Gulistan-e-Johar, Karachi, Karachi City, Sindh, Pakistan",pizzamax.com.pk
Pizza Yam,+92 300 0204492,"B 26، near gulberg chowk, Federal B Area Block 12 Gulberg Town, Karachi, Karachi City, Sindh, Pakistan",facebook.com
Pizza Hut - Saba Avenue,+92 21 111 241 241,"Saba Ave, Phase V Badar Commercial Area Defence V Defence Housing Authority, Karachi, Karachi City, Sindh 75500, Pakistan",facebook.com
Pizza Point - University Road,+92 21 111 241 241,"Suit no 5, Image Arcade, Main University Rd, Block 7 Gulshan-e-Iqbal, Karachi, Karachi City, Sindh, Pakistan",facebook.com
Pizza Point - Hussainabad,+92 21 111 776 468,"W385+8MX, Federal B Area Hussainabad Block 3 Gulberg Town, Karachi, Karachi City, Sindh, Pakistan",pizzapoint.com.pk
Zimbo Pizza,+92 331 2292592,"Zimbo Pizza, 2 Karachi, opposite Abbas Dairy, near Nashtar Park, Soldier Bazaar Parsi Colony Saddar, Karachi, Karachi City, Sindh 74550, Pakistan",pizzapoint.com.pk
Pizaa World,+92 333 2872957,"8/2 G3 Nishtar Rd, Hamid Colony, Karachi, Karachi City, Sindh, Pakistan",pizzapoint.com.pk
Domino's Pizza - Khayaban e Shaheen,+92 301 1174684,"93-C Khayaban-e-Shaheen, D.H.A. Phase 8 Zulfiqar & Al Murtaza Commercial Area Phase 8 Defence Housing Authority, Karachi, Karachi City, Sindh 75500, Pakistan",dominos.com.pk
Old Kings And Queens Pizza Johar,+92 331 2567567,"Shop no 2, W4CP+449 yasmeen tower, near bin hashim, Block 11 Gulistan-e-Johar, Karachi, Karachi City, Sindh, Pakistan",kingsandqueenspizza.com
Oregano Pizza & Pasta,+92 317 2222017,"Plot A, 602, Sector 11 B North Karachi Twp, Karachi, Karachi City, Sindh, Pakistan",kingsandqueenspizza.com
Pizza Owner,+92 21 34574455,"Jamia Millia Rd, Millat Town Gulfishan Society Shah Faisal Colony, Karachi, Karachi City, Sindh 75100, Pakistan",kingsandqueenspizza.com
California Pizza,+92 21 111 753 753,"Service Ln, Model Colony Sheet 27 Model Colony, Karachi, Karachi City, Sindh 75050, Pakistan",menu.californiapizza.com.pk
Royal Taste,+92 21 111 787 000,"D1/18 saudabad malir tanki road، near RCD Ground, Saudabad S1 Saudabad, Karachi, Karachi City, Sindh 75080, Pakistan",royaltaste.com.pk
The Pizza Street,+92 21 36422001,"X345+QC9, Shadman Town Sector 14 A Shadman Town, Karachi, Karachi City, Sindh, Pakistan",royaltaste.com.pk
RH Pizza,+92 331 4440484,"36/1-1 Sheet 19, near Malir Cantt Check Post No 2, Model Colony Block 19 Malir Cantonment, Karachi, Karachi City, Sindh 75080, Pakistan",royaltaste.com.pk
Pizza Creations,+92 308 6667222,"Chakiwara Rd, near Shell Petrol Pump, Chakiwara Gul Muhammadi Line, Karachi, Karachi City, Sindh 75660, Pakistan",pizzacreations.com.pk
Pizza Max - Orangi Town,+92 21 111 629 111,"Muhammad Nagar Karachi, Karachi City, Sindh, Pakistan",pizzamax.com.pk
Pizza space,+92 302 0011190,"W5W5+Q5R, Gulzar-e-Hijri Sector 34 A Scheme 33, Karachi, Karachi City, Sindh, Pakistan",pizzamax.com.pk
Pizza Ranch,+92 311 0666823,"Sunset Lane 5, Plot 17-C, Shop No.2 Get, D.H.A. Phase 2 Phase 2 Commercial Area Commercial, Karachi, Karachi City, Sindh 75500, Pakistan",m.facebook.com
